card,puzzle,AR,animal,speed,colorful,spacial
math,spacial,,,,,
card,math,,,,,
card,math,,,,,
colorful,painting,,,,,
AR,speed,colorful,memory,,,
card,animal,speaking,memory,,,
speaking,word,,,,,
speaking,word,,,,,
card,colorful,memory,,,,
AR,animal,speed,painting,,,
colorful,painting,,,,,
puzzle,math,spacial,,,,
card,colorful,,,,,
card,puzzle,,,,,
animal,math,memory,,,,
puzzle,colorful,spacial,word,,,
AR,animal,speed,spacial,,,
speed,speaking,word,,,,
puzzle,word,,,,,
card,animal,speed,math,colorful,,
animal,word,,,,,
card,speaking,memory,word,,,
